Users,ScreenUsage,HeartRate, ActivFit, storage, Notif, BatterySensor, Bluetooth, LightSensor, Activity,SA,Errors
74bfe8a9675efd5c,5.0,5.0,0.0,0.0,5.0,5.0,3.0,0.0,0.0,5.0,0.0
8d760fdf1ac9105f,65.0,35.0,10.0,0.0,74.0,76.0,68.0,0.0,11.0,76.0,3.0
57b1c1bfa2aefa7f,55.0,55.0,0.0,0.0,54.0,55.0,54.0,0.0,0.0,55.0,7.0
c4c7fe5d4027589e,28.0,10.0,3.0,0.0,17.0,34.0,25.0,34.0,3.0,34.0,0.0
de007d5987614e7b,4.0,4.0,4.0,0.0,4.0,4.0,4.0,4.0,4.0,4.0,0.0
87a1427a2e9bcf5e,17.0,1.0,17.0,0.0,17.0,17.0,16.0,17.0,16.0,17.0,0.0
1408eb09fe8d763f,6.0,0.0,7.0,0.0,8.0,7.0,8.0,7.0,7.0,8.0,1.0
4ee1b2b68326bfaf,5.0,4.0,5.0,0.0,1.0,5.0,4.0,0.0,0.0,5.0,0.0
4e4358d9097b00ed,1.0,1.0,1.0,0.0,1.0,1.0,1.0,0.0,1.0,1.0,1.0
ebdb50a679f0f5e2,60.0,60.0,15.0,0.0,47.0,60.0,50.0,60.0,0.0,60.0,0.0
f0d98eb6cdd7afa2,1.0,0.0,1.0,0.0,1.0,1.0,0.0,1.0,1.0,1.0,1.0
8555e3a468bbfd3e,0.0,0.0,0.0,0.0,1.0,0.0,0.0,0.0,0.0,1.0,0.0
2d8a6ef2733c821b,4.0,0.0,1.0,0.0,4.0,4.0,4.0,4.0,1.0,4.0,0.0
5cef4dd71ec57cf3,3.0,0.0,3.0,0.0,3.0,4.0,2.0,0.0,0.0,4.0,1.0
33ca0c0a0aa9a910,4.0,0.0,3.0,0.0,4.0,4.0,3.0,4.0,3.0,4.0,0.0
1851e9c1a6fc2613,1.0,1.0,0.0,0.0,0.0,1.0,0.0,1.0,0.0,1.0,0.0
8f350568b948924c,81.0,0.0,33.0,0.0,73.0,81.0,76.0,0.0,32.0,81.0,9.0
cae573de29dae44b,3.0,3.0,1.0,0.0,0.0,3.0,3.0,0.0,1.0,3.0,1.0
cdb2ae2dfd5844a9,99.0,99.0,0.0,0.0,96.0,100.0,89.0,100.0,0.0,100.0,1.0
2063268a33285126,10.0,10.0,10.0,0.0,10.0,10.0,10.0,10.0,10.0,10.0,1.0
ea8818c439e46c10,5.0,5.0,1.0,0.0,5.0,5.0,5.0,0.0,1.0,5.0,0.0
baf603fb28c02919,45.0,45.0,27.0,0.0,45.0,45.0,30.0,0.0,27.0,45.0,0.0
4de1f27b1f17da88,1.0,0.0,0.0,0.0,1.0,1.0,1.0,0.0,0.0,1.0,0.0
91375c0fbc04ed41,3.0,4.0,4.0,0.0,4.0,6.0,4.0,6.0,4.0,6.0,1.0
3a2370b708c8a31a,6.0,6.0,7.0,0.0,0.0,6.0,7.0,0.0,5.0,7.0,0.0
11089d01dd0d954e,2.0,0.0,2.0,0.0,2.0,2.0,2.0,2.0,2.0,2.0,0.0
fda182d0727f3039,159.0,155.0,0.0,0.0,156.0,162.0,132.0,0.0,0.0,162.0,1.0
9c2813af28e0e98a,7.0,7.0,0.0,0.0,0.0,7.0,7.0,7.0,0.0,7.0,1.0
d43c5ac5215769c6,72.0,0.0,72.0,0.0,72.0,72.0,72.0,0.0,72.0,72.0,0.0
94782f1066897315,171.0,0.0,99.0,0.0,166.0,173.0,159.0,174.0,98.0,174.0,1.0
e0ecd7c13983e13c,21.0,0.0,4.0,0.0,0.0,27.0,26.0,0.0,4.0,27.0,0.0
f75a11ba34e75345,0.0,0.0,0.0,0.0,0.0,0.0,0.0,0.0,0.0,0.0,0.0
840fbd78547b72af,52.0,0.0,0.0,0.0,58.0,58.0,55.0,58.0,0.0,58.0,3.0
ff8976562cf9e103,0.0,0.0,0.0,0.0,0.0,0.0,0.0,0.0,0.0,0.0,0.0
349b0b828d7c66f1,6.0,0.0,0.0,0.0,0.0,6.0,5.0,6.0,0.0,6.0,0.0
5f074abc2ae6c986,0.0,0.0,0.0,0.0,0.0,0.0,0.0,0.0,0.0,0.0,0.0
bfe3242d4108461,1.0,0.0,0.0,0.0,0.0,1.0,1.0,1.0,0.0,1.0,1.0
2c1fc243aecf87a2,1.0,0.0,0.0,0.0,0.0,1.0,1.0,0.0,0.0,1.0,1.0
7fe273163c2186b8,0.0,0.0,0.0,0.0,0.0,0.0,0.0,0.0,0.0,0.0,0.0
c9a9f5b29b557a7a,4.0,0.0,4.0,0.0,4.0,3.0,4.0,3.0,0.0,4.0,1.0
8a0299052b708157,11.0,0.0,7.0,0.0,11.0,11.0,11.0,0.0,1.0,11.0,1.0
ad00b86d9e80d808,98.0,95.0,43.0,0.0,0.0,101.0,98.0,101.0,43.0,101.0,1.0
9bc48c706e5388f6,2.0,0.0,2.0,0.0,2.0,2.0,0.0,2.0,2.0,2.0,1.0
d7d8f5647d00ff3f,121.0,120.0,6.0,0.0,122.0,122.0,122.0,0.0,6.0,122.0,5.0
ab11e0ac869e5dd8,185.0,180.0,106.0,0.0,184.0,186.0,147.0,186.0,106.0,186.0,1.0
215222b4aa9c3983,150.0,0.0,140.0,0.0,142.0,150.0,144.0,150.0,123.0,150.0,1.0
fbcca63e6d298741,0.0,0.0,0.0,0.0,0.0,0.0,0.0,0.0,0.0,0.0,0.0
bd483aa833dddd2e,15.0,15.0,0.0,0.0,15.0,15.0,15.0,0.0,0.0,15.0,1.0
91ce0629a86cc17d,5.0,1.0,5.0,0.0,5.0,5.0,4.0,0.0,5.0,5.0,1.0
d4a0001789d7baf3,1.0,1.0,1.0,0.0,1.0,1.0,0.0,1.0,1.0,1.0,1.0
db24bee6d0dfcb93,115.0,115.0,20.0,0.0,104.0,115.0,90.0,115.0,19.0,116.0,1.0
4cf4ecfbf325285f,0.0,0.0,0.0,0.0,0.0,0.0,0.0,0.0,0.0,0.0,0.0
7adb2b0ce245c3f6,70.0,52.0,70.0,0.0,70.0,70.0,69.0,0.0,70.0,70.0,2.0
20757a593a1b3edf,7.0,7.0,0.0,0.0,7.0,7.0,6.0,7.0,0.0,7.0,1.0
aa9a4e1d2af95507,59.0,59.0,58.0,0.0,59.0,59.0,59.0,59.0,58.0,59.0,0.0
cdab69b01bac6bcc,37.0,38.0,19.0,0.0,0.0,38.0,32.0,38.0,0.0,38.0,0.0
491e3c9af7016a62,36.0,36.0,0.0,0.0,0.0,36.0,36.0,36.0,0.0,36.0,1.0
81b0453217f6e80d,1.0,1.0,1.0,0.0,1.0,1.0,1.0,1.0,1.0,1.0,1.0
4b5e12c583c77018,1.0,0.0,0.0,0.0,0.0,1.0,1.0,0.0,0.0,1.0,1.0
5bd3d076d2658b5b,1.0,1.0,1.0,0.0,1.0,1.0,1.0,1.0,0.0,1.0,0.0
8408b0606c14aa84,3.0,3.0,3.0,0.0,3.0,3.0,3.0,0.0,0.0,3.0,0.0
f39be855f8ddf8e,0.0,0.0,0.0,0.0,0.0,0.0,0.0,0.0,0.0,0.0,0.0
5e6f2ce5c6d1ed9f,46.0,38.0,55.0,0.0,56.0,55.0,47.0,0.0,55.0,56.0,1.0
3e92c6e41c041172,7.0,7.0,7.0,0.0,7.0,7.0,6.0,7.0,7.0,7.0,0.0
80d7c790fa123187,411.0,411.0,291.0,0.0,384.0,411.0,351.0,411.0,289.0,411.0,2.0
13b727ab00aa5941,2.0,0.0,2.0,0.0,0.0,2.0,2.0,0.0,2.0,2.0,0.0
86318c6f42e7327c,0.0,0.0,0.0,0.0,0.0,0.0,0.0,0.0,0.0,0.0,0.0
351799fb5b87b923,5.0,5.0,0.0,0.0,5.0,5.0,5.0,0.0,0.0,5.0,0.0
bccda6108f2dd525,28.0,28.0,25.0,0.0,26.0,28.0,26.0,0.0,25.0,28.0,0.0
b331c597fc6677d3,11.0,0.0,11.0,0.0,8.0,11.0,11.0,11.0,11.0,11.0,0.0
3326d410958ab9b4,0.0,0.0,0.0,0.0,0.0,0.0,0.0,0.0,0.0,0.0,0.0
508991ef5637ab0c,0.0,0.0,0.0,0.0,0.0,0.0,0.0,0.0,0.0,0.0,0.0
9c094759741a874,45.0,0.0,0.0,0.0,47.0,47.0,37.0,7.0,0.0,47.0,5.0
b6f5956ec0356294,0.0,0.0,0.0,0.0,0.0,0.0,0.0,0.0,0.0,0.0,0.0
5160f55305a41501,0.0,0.0,0.0,0.0,0.0,0.0,0.0,0.0,0.0,0.0,0.0
a0c12f742f326d72,18.0,18.0,1.0,0.0,0.0,18.0,18.0,18.0,1.0,18.0,1.0
e14ab4eb2b697e4b,1.0,1.0,0.0,0.0,0.0,1.0,1.0,0.0,0.0,1.0,1.0
b3032faccaa489fb,0.0,0.0,0.0,0.0,0.0,0.0,0.0,0.0,0.0,0.0,0.0
eba8b9c61e7ff9f2,8.0,8.0,0.0,0.0,8.0,8.0,8.0,0.0,0.0,8.0,0.0
85fe7cc3afdd873b,0.0,0.0,0.0,0.0,0.0,0.0,0.0,0.0,0.0,0.0,0.0
a19fd709194e71ba,8.0,0.0,10.0,0.0,10.0,10.0,9.0,10.0,8.0,10.0,1.0
3d575c4560d48a9b,65.0,65.0,58.0,0.0,55.0,65.0,49.0,0.0,57.0,65.0,12.0
63f74cf51fefb506,186.0,179.0,180.0,0.0,158.0,188.0,172.0,189.0,180.0,189.0,2.0
f5c3e1c53d02ccb5,10.0,0.0,10.0,0.0,10.0,10.0,10.0,10.0,10.0,10.0,0.0
24eb199b7335f90d,6.0,6.0,6.0,0.0,6.0,6.0,5.0,0.0,6.0,6.0,0.0
ae96ee1fea67d291,56.0,57.0,11.0,0.0,0.0,58.0,48.0,0.0,10.0,58.0,1.0
4f06bcf8889bc89e,242.0,250.0,0.0,0.0,252.0,253.0,240.0,0.0,0.0,253.0,0.0
388c2af0d66435a3,13.0,0.0,13.0,0.0,13.0,13.0,13.0,0.0,0.0,13.0,0.0
64f9d2a27826768c,98.0,89.0,0.0,0.0,0.0,100.0,87.0,100.0,0.0,100.0,1.0
150fedcbcfe7f6cd,11.0,12.0,0.0,0.0,0.0,12.0,11.0,12.0,0.0,12.0,1.0
de36bd294ae0dd7,2.0,2.0,1.0,0.0,2.0,2.0,1.0,2.0,0.0,2.0,1.0
9715fa3db2419a6e,21.0,2.0,21.0,0.0,20.0,21.0,21.0,0.0,21.0,21.0,6.0
8561b4c4c238e557,2.0,2.0,1.0,0.0,2.0,2.0,1.0,2.0,1.0,2.0,1.0
41dbd4063354f105,14.0,14.0,0.0,0.0,13.0,14.0,14.0,0.0,0.0,14.0,3.0
95c7a80639a49f5b,4.0,0.0,4.0,0.0,4.0,4.0,5.0,0.0,0.0,5.0,0.0
45c238ce75eaab21,5.0,0.0,5.0,0.0,5.0,5.0,4.0,0.0,5.0,5.0,0.0
78627b2c1e8eb2e6,3.0,3.0,3.0,0.0,3.0,3.0,2.0,0.0,3.0,3.0,0.0
dd658d8fc21dae1c,46.0,23.0,46.0,0.0,40.0,46.0,27.0,0.0,7.0,46.0,0.0
1b9840a27f6f5bee,5.0,5.0,1.0,0.0,5.0,5.0,4.0,5.0,1.0,5.0,1.0
c2ca02be85afc355,62.0,62.0,7.0,0.0,0.0,62.0,55.0,62.0,7.0,62.0,0.0
877623236cf13d00,4.0,4.0,4.0,0.0,4.0,4.0,4.0,0.0,4.0,4.0,1.0
63cd09bfc6911d44,5.0,5.0,2.0,0.0,2.0,5.0,5.0,5.0,0.0,5.0,0.0
6a4c6ced9852dc9c,2.0,1.0,2.0,0.0,0.0,2.0,2.0,0.0,2.0,2.0,0.0
9d388f2f1e219e2d,39.0,39.0,36.0,0.0,38.0,39.0,36.0,39.0,36.0,39.0,0.0
297f3ecc8d7cd8d2,407.0,404.0,288.0,0.0,0.0,412.0,408.0,412.0,237.0,412.0,1.0
c8dbf366b06c1498,18.0,18.0,1.0,0.0,17.0,18.0,18.0,18.0,1.0,18.0,3.0
86859a8de807eac8,7.0,7.0,7.0,0.0,0.0,7.0,7.0,7.0,0.0,7.0,2.0
d4dc704c00fb8ec2,32.0,32.0,8.0,0.0,32.0,32.0,32.0,32.0,8.0,32.0,2.0
b7c326d275f25abf,43.0,43.0,43.0,0.0,41.0,43.0,43.0,0.0,43.0,43.0,0.0
1ae051b1f4f27f0a,61.0,37.0,0.0,0.0,89.0,97.0,88.0,97.0,0.0,97.0,0.0
cbf083e75ff5da3f,195.0,161.0,0.0,0.0,0.0,227.0,207.0,227.0,0.0,227.0,1.0
ea0b6bc3d51a1f3a,31.0,30.0,0.0,0.0,0.0,35.0,35.0,35.0,0.0,35.0,0.0
a71384f0943adf3f,10.0,0.0,10.0,0.0,10.0,10.0,10.0,10.0,0.0,10.0,1.0
89386bb8a70ee4f0,1.0,1.0,1.0,0.0,1.0,1.0,1.0,1.0,1.0,1.0,0.0
cebb30286e2aa664,17.0,16.0,19.0,0.0,18.0,19.0,19.0,19.0,19.0,19.0,0.0
aaa92c3fd7615a91,5.0,2.0,5.0,0.0,3.0,5.0,5.0,0.0,5.0,5.0,0.0
2a2d0b953c370dc7,1.0,0.0,0.0,0.0,0.0,1.0,0.0,0.0,0.0,1.0,1.0
3439f7c033b8a506,3.0,0.0,2.0,0.0,2.0,3.0,3.0,0.0,0.0,3.0,1.0
832d53fb57b326e3,3.0,3.0,3.0,0.0,3.0,3.0,3.0,3.0,3.0,3.0,0.0
d3333d0ab3b72c68,3.0,0.0,3.0,0.0,3.0,3.0,1.0,0.0,3.0,3.0,1.0
8030286a36af81db,8.0,8.0,0.0,0.0,8.0,8.0,7.0,0.0,0.0,8.0,0.0
1fcfc114eeb212e9,0.0,0.0,0.0,0.0,0.0,0.0,0.0,0.0,0.0,0.0,0.0
e8c5c299fb9cef9c,7.0,7.0,2.0,0.0,1.0,7.0,6.0,0.0,2.0,7.0,2.0
22b606991817b705,0.0,0.0,0.0,0.0,0.0,0.0,0.0,0.0,0.0,0.0,0.0
d3622346b8df9e0a,47.0,46.0,0.0,0.0,47.0,47.0,44.0,47.0,0.0,47.0,0.0
f364654149a288f9,4.0,4.0,4.0,0.0,4.0,4.0,4.0,0.0,4.0,4.0,0.0
bc90eba6d565fc13,14.0,0.0,13.0,0.0,15.0,14.0,15.0,14.0,12.0,15.0,0.0
183ecc8e33a32cb6,21.0,0.0,21.0,0.0,21.0,21.0,21.0,21.0,21.0,21.0,0.0
38f27a31428cbe9,2.0,2.0,2.0,0.0,2.0,2.0,2.0,2.0,2.0,2.0,0.0
9436499f53851946,3.0,3.0,1.0,0.0,3.0,3.0,3.0,3.0,1.0,3.0,1.0
c8af2f0e13776095,45.0,35.0,22.0,0.0,45.0,44.0,41.0,0.0,0.0,45.0,0.0
69942e21f2897fe7,0.0,0.0,0.0,0.0,0.0,0.0,0.0,0.0,0.0,0.0,0.0
5a11bd3d0a03f0b8,1.0,1.0,0.0,0.0,1.0,1.0,1.0,1.0,0.0,1.0,0.0
6bd426563c84b75c,6.0,4.0,9.0,0.0,9.0,9.0,9.0,9.0,2.0,9.0,0.0
2c46f7f00f24c1cc,28.0,28.0,28.0,0.0,28.0,28.0,27.0,0.0,28.0,28.0,1.0
f4515fc450f84536,74.0,74.0,0.0,0.0,74.0,74.0,74.0,0.0,0.0,74.0,6.0
adbbef363123088b,0.0,0.0,0.0,0.0,0.0,0.0,0.0,0.0,0.0,0.0,0.0
248cb221afca5bc,82.0,86.0,39.0,0.0,0.0,90.0,71.0,90.0,0.0,90.0,0.0
b54f18730fb56a56,61.0,57.0,46.0,0.0,48.0,61.0,60.0,61.0,30.0,61.0,1.0
589e792357ead540,11.0,11.0,10.0,0.0,6.0,11.0,10.0,0.0,9.0,11.0,1.0
aff72e9e4cef0cb8,34.0,34.0,2.0,0.0,34.0,34.0,29.0,0.0,2.0,34.0,0.0
b894f971a16abb40,4.0,4.0,0.0,0.0,4.0,4.0,4.0,0.0,0.0,4.0,1.0
1a430ddb91793e10,2.0,2.0,2.0,0.0,2.0,2.0,2.0,0.0,2.0,2.0,0.0
fa0a68b9f1194cff,2.0,2.0,1.0,0.0,2.0,2.0,0.0,0.0,1.0,2.0,0.0
f2b3d112e47c5db5,10.0,7.0,7.0,0.0,11.0,11.0,10.0,0.0,7.0,11.0,1.0
952732f565c32f13,5.0,5.0,0.0,0.0,5.0,5.0,5.0,5.0,0.0,5.0,2.0
d22af212fcb9fe53,210.0,0.0,0.0,0.0,208.0,210.0,189.0,0.0,0.0,211.0,11.0
5d858883eb159d0b,13.0,13.0,13.0,0.0,13.0,13.0,13.0,13.0,0.0,13.0,1.0
934f0ebf8d662db6,80.0,89.0,88.0,0.0,98.0,101.0,88.0,82.0,87.0,101.0,4.0
cd668150096eb4dd,41.0,39.0,1.0,0.0,38.0,41.0,40.0,41.0,0.0,41.0,4.0
1c672f10c193654f,8.0,6.0,2.0,0.0,8.0,8.0,8.0,8.0,2.0,8.0,0.0
6bdb0a83b24a90c7,1.0,0.0,0.0,0.0,1.0,1.0,1.0,1.0,0.0,1.0,1.0
6990cb2bbc78cfaa,13.0,0.0,0.0,0.0,13.0,13.0,13.0,13.0,0.0,13.0,2.0
8837e30af9a1aab2,31.0,31.0,31.0,0.0,31.0,31.0,27.0,0.0,31.0,31.0,3.0
4daa10bdc6ad6acc,5.0,0.0,0.0,0.0,2.0,5.0,5.0,5.0,0.0,5.0,1.0
f7be18873287d5c,9.0,0.0,9.0,0.0,9.0,9.0,7.0,0.0,9.0,9.0,0.0
9ab333cb60934e1a,2.0,2.0,0.0,0.0,0.0,2.0,0.0,2.0,0.0,2.0,0.0
6e120c915b648381,2.0,2.0,1.0,0.0,0.0,2.0,2.0,0.0,0.0,2.0,1.0
afd3de5312dfa34f,20.0,21.0,1.0,0.0,21.0,21.0,21.0,21.0,0.0,21.0,2.0
1a063ae430a813ee,2.0,0.0,2.0,0.0,2.0,2.0,1.0,2.0,2.0,2.0,1.0
fc5d1da39bcfe8b1,9.0,9.0,1.0,0.0,6.0,9.0,5.0,0.0,1.0,9.0,1.0
4beaaaefa0dabff0,34.0,28.0,8.0,0.0,0.0,34.0,31.0,0.0,7.0,34.0,0.0
b676e114e5e7d8a1,73.0,67.0,73.0,0.0,0.0,73.0,67.0,0.0,72.0,73.0,1.0
218c0ec1c92d88f3,5.0,5.0,5.0,0.0,0.0,5.0,4.0,4.0,5.0,5.0,0.0
8ca9ac567531cdfe,1.0,0.0,1.0,0.0,1.0,0.0,1.0,0.0,1.0,1.0,0.0
45c8b8ce2d94e859,0.0,0.0,0.0,0.0,0.0,0.0,0.0,0.0,0.0,0.0,0.0
e979eab9176824ad,10.0,0.0,3.0,0.0,10.0,10.0,10.0,10.0,0.0,10.0,0.0
f5d92e26d735b6a2,132.0,117.0,147.0,0.0,141.0,219.0,150.0,219.0,132.0,221.0,2.0
a6a75793f81b6807,6.0,0.0,0.0,0.0,6.0,6.0,5.0,6.0,0.0,6.0,1.0
1ae70f37bb6998a1,47.0,34.0,4.0,0.0,0.0,56.0,51.0,56.0,3.0,56.0,0.0
d5a175a888ed6963,7.0,0.0,4.0,0.0,7.0,7.0,7.0,7.0,4.0,7.0,1.0
3758cbc91e9d8c4c,36.0,34.0,1.0,0.0,35.0,39.0,37.0,0.0,0.0,39.0,1.0
7f22233ed064ffb2,126.0,126.0,6.0,0.0,0.0,127.0,106.0,127.0,6.0,127.0,1.0
7777bc670ef7ae16,10.0,0.0,3.0,0.0,11.0,11.0,11.0,1.0,0.0,11.0,4.0
df60d128a714a93,68.0,68.0,46.0,0.0,54.0,68.0,59.0,68.0,46.0,68.0,1.0
84ce19cb67911e84,2.0,2.0,0.0,0.0,4.0,2.0,4.0,0.0,0.0,4.0,0.0
c85553da682a279,1.0,1.0,0.0,0.0,1.0,1.0,1.0,0.0,0.0,1.0,1.0
68485a8ad4e37f5c,87.0,84.0,77.0,0.0,83.0,105.0,98.0,105.0,60.0,107.0,3.0
7ae172be471823d5,66.0,66.0,1.0,0.0,65.0,66.0,66.0,66.0,1.0,66.0,1.0
79f6f24c74f8ded7,2.0,2.0,1.0,0.0,2.0,2.0,2.0,2.0,1.0,2.0,0.0
9199fbbf044138,5.0,0.0,1.0,0.0,5.0,5.0,5.0,5.0,0.0,5.0,0.0
b03de8e95bd29802,0.0,0.0,0.0,0.0,0.0,0.0,0.0,0.0,0.0,0.0,0.0
ca5782616aa12575,3.0,0.0,1.0,0.0,3.0,3.0,3.0,3.0,1.0,3.0,0.0
cb3d00b47accb2b5,4.0,2.0,4.0,0.0,4.0,4.0,2.0,4.0,0.0,4.0,0.0
42233095da0e36e2,0.0,0.0,0.0,0.0,0.0,0.0,0.0,0.0,0.0,0.0,0.0
9fb4e2d1ea9e77e1,22.0,0.0,0.0,0.0,22.0,22.0,13.0,0.0,0.0,22.0,4.0
b4d16ab10b59ac9b,281.0,1.0,65.0,0.0,244.0,285.0,236.0,272.0,65.0,287.0,1.0
60c8f01df1feb21,11.0,11.0,11.0,0.0,10.0,11.0,11.0,0.0,11.0,11.0,0.0
25a1032c1d58f255,0.0,0.0,0.0,0.0,0.0,0.0,0.0,0.0,0.0,0.0,0.0
e7be42f845637509,20.0,0.0,18.0,0.0,17.0,20.0,20.0,0.0,18.0,20.0,7.0
1df5f9fd335400b2,0.0,0.0,0.0,0.0,0.0,0.0,0.0,0.0,0.0,0.0,0.0
e5a1e4eca5c642ad,0.0,0.0,0.0,0.0,0.0,0.0,0.0,0.0,0.0,0.0,0.0
8b1984c5144dd1a9,2.0,0.0,2.0,0.0,2.0,2.0,1.0,0.0,2.0,2.0,1.0
4cf2a480bc7750c7,7.0,0.0,0.0,0.0,0.0,7.0,6.0,0.0,0.0,7.0,1.0
cd0b0934dac7b7d7,3.0,0.0,3.0,0.0,3.0,3.0,3.0,0.0,3.0,3.0,1.0
4d8691597df5d468,1.0,0.0,1.0,0.0,0.0,1.0,0.0,1.0,1.0,1.0,1.0
e1f4e1ae42aed99f,4.0,4.0,4.0,0.0,4.0,4.0,4.0,0.0,4.0,4.0,1.0
b5aeeac5a2259d0a,167.0,148.0,0.0,0.0,192.0,209.0,206.0,0.0,0.0,209.0,10.0
d854deb29e0c2d24,18.0,18.0,18.0,0.0,18.0,18.0,17.0,18.0,18.0,18.0,0.0
b8d7ea948f6c8b06,312.0,312.0,243.0,0.0,315.0,315.0,274.0,196.0,47.0,315.0,0.0
791ff5109241c2c7,1.0,0.0,1.0,0.0,0.0,1.0,1.0,1.0,1.0,1.0,0.0
9c3ad66b924a0e39,66.0,64.0,0.0,0.0,65.0,66.0,58.0,0.0,0.0,66.0,1.0
5d33394a97f9b196,53.0,53.0,32.0,0.0,53.0,53.0,52.0,53.0,31.0,53.0,0.0
2a8e24e9061db029,0.0,0.0,0.0,0.0,0.0,0.0,0.0,0.0,0.0,0.0,0.0
86b400d2610dc00,69.0,69.0,41.0,0.0,0.0,86.0,84.0,85.0,31.0,86.0,0.0
8369baee62fd0d26,9.0,8.0,0.0,0.0,2.0,11.0,6.0,11.0,0.0,11.0,1.0
50024ad4a4835a91,1.0,1.0,1.0,0.0,0.0,1.0,1.0,1.0,0.0,1.0,1.0
7618c04568b2fa60,21.0,0.0,21.0,0.0,17.0,21.0,20.0,0.0,21.0,21.0,0.0
57813ddc27c0e6dc,0.0,0.0,0.0,0.0,0.0,0.0,0.0,0.0,0.0,0.0,0.0
c34c6567b2875c,10.0,10.0,8.0,0.0,8.0,10.0,10.0,0.0,8.0,10.0,0.0
b29b3e6c6be081b5,0.0,0.0,0.0,0.0,0.0,0.0,0.0,0.0,0.0,0.0,0.0
574d1dfb8c5832dc,64.0,64.0,0.0,0.0,0.0,64.0,59.0,64.0,0.0,64.0,1.0
b37f002736289c2a,16.0,16.0,0.0,0.0,14.0,16.0,16.0,16.0,0.0,16.0,1.0
b7878ebcf60e046c,12.0,0.0,0.0,0.0,0.0,12.0,12.0,12.0,0.0,12.0,1.0
c400aca8642d4cb2,0.0,0.0,0.0,0.0,1.0,0.0,1.0,0.0,0.0,1.0,0.0
e81d6e712f436185,0.0,0.0,0.0,0.0,0.0,0.0,0.0,0.0,0.0,0.0,0.0
2caa3cfc6c9d029e,8.0,0.0,7.0,0.0,8.0,8.0,8.0,5.0,5.0,8.0,1.0
3c95a1c81ba5732f,5.0,5.0,1.0,0.0,4.0,5.0,5.0,0.0,0.0,5.0,2.0
9029c576a871073a,12.0,12.0,0.0,0.0,12.0,12.0,11.0,0.0,0.0,12.0,0.0
2f07d156f1b05687,9.0,0.0,2.0,0.0,0.0,8.0,8.0,9.0,0.0,9.0,1.0
fec8b1952d5933c7,20.0,20.0,0.0,0.0,20.0,20.0,18.0,0.0,0.0,20.0,0.0
87b31748287e8da4,150.0,145.0,55.0,0.0,162.0,163.0,161.0,163.0,55.0,163.0,14.0
dd88deb083cbb4be,3.0,3.0,3.0,0.0,3.0,3.0,3.0,0.0,3.0,3.0,1.0
16a6301d58862285,1.0,1.0,1.0,0.0,1.0,1.0,1.0,1.0,1.0,1.0,0.0
ced23101be5a737,32.0,32.0,31.0,0.0,32.0,32.0,32.0,0.0,30.0,32.0,4.0
914efc5e93bfc6bf,10.0,0.0,0.0,0.0,11.0,11.0,10.0,11.0,0.0,11.0,0.0
c1d78481171fb4f1,3.0,0.0,2.0,0.0,2.0,3.0,2.0,3.0,2.0,3.0,2.0
7533f51bcce93b66,170.0,170.0,137.0,0.0,170.0,170.0,161.0,170.0,137.0,170.0,1.0
3eb2af0e6b716edd,4.0,1.0,4.0,0.0,5.0,4.0,5.0,4.0,4.0,5.0,0.0
2324950e184857f1,58.0,57.0,0.0,0.0,0.0,58.0,52.0,58.0,0.0,58.0,1.0
fb2cb669b1afe7da,21.0,0.0,0.0,0.0,9.0,21.0,15.0,0.0,0.0,21.0,1.0
1b8dff5ebf84bef7,4.0,0.0,1.0,0.0,4.0,4.0,4.0,0.0,1.0,4.0,1.0
e368f43834197858,3.0,0.0,0.0,0.0,3.0,4.0,2.0,4.0,0.0,4.0,0.0
b345843118c30f6e,1.0,1.0,0.0,0.0,0.0,1.0,1.0,0.0,0.0,1.0,0.0
fa174b4a92e2074f,1.0,0.0,0.0,0.0,0.0,1.0,1.0,0.0,0.0,1.0,1.0
e530476f6428cf57,11.0,11.0,0.0,0.0,10.0,11.0,6.0,0.0,0.0,11.0,1.0
a6fda3fd75659a92,4.0,0.0,0.0,0.0,5.0,5.0,5.0,0.0,0.0,5.0,1.0
45726baeaa40ef1f,3.0,3.0,1.0,0.0,3.0,3.0,3.0,0.0,1.0,3.0,0.0
b4c693d8a7cc2c43,45.0,0.0,0.0,0.0,0.0,45.0,44.0,0.0,0.0,45.0,1.0
4e6d2a9d0023af66,3.0,3.0,0.0,0.0,3.0,3.0,3.0,0.0,0.0,3.0,1.0
85a2d889b48822f6,33.0,31.0,5.0,0.0,16.0,33.0,28.0,33.0,3.0,33.0,5.0
a8a00df155ceb9f8,9.0,9.0,1.0,0.0,9.0,10.0,7.0,10.0,1.0,10.0,3.0
79ad67686305d70c,2.0,0.0,2.0,0.0,2.0,2.0,2.0,2.0,2.0,2.0,0.0
8c3000cba98adc9,12.0,0.0,12.0,0.0,11.0,12.0,12.0,0.0,12.0,12.0,0.0
bd80f5569737575c,15.0,16.0,2.0,0.0,0.0,17.0,16.0,17.0,2.0,17.0,0.0
e78ffe4c50967b89,12.0,12.0,1.0,0.0,14.0,18.0,13.0,18.0,0.0,18.0,0.0
a4bc27e64a5d0b36,12.0,1.0,11.0,0.0,10.0,12.0,12.0,0.0,11.0,12.0,1.0
3f6318e9a9a5204a,19.0,18.0,0.0,0.0,0.0,20.0,17.0,0.0,0.0,20.0,0.0
9a0f7fb6eb381297,238.0,230.0,73.0,0.0,223.0,254.0,229.0,254.0,73.0,254.0,0.0
9c3424b47319a45a,77.0,0.0,78.0,0.0,78.0,78.0,60.0,78.0,77.0,78.0,8.0
2379e2c340eebb52,9.0,0.0,0.0,0.0,10.0,11.0,10.0,0.0,0.0,11.0,0.0
6bc547ee63f12923,3.0,3.0,3.0,0.0,0.0,3.0,3.0,0.0,2.0,3.0,1.0
b19ebacade213de7,6.0,6.0,6.0,0.0,6.0,6.0,6.0,6.0,6.0,6.0,1.0
9be37e813520f47c,61.0,54.0,0.0,0.0,60.0,61.0,61.0,0.0,0.0,61.0,1.0
e96bbfbc48ced3d5,12.0,9.0,4.0,0.0,5.0,12.0,11.0,0.0,4.0,12.0,1.0
aaffb03751e024fd,10.0,10.0,10.0,0.0,0.0,10.0,7.0,0.0,0.0,10.0,0.0
7584911ce46cb0f7,1.0,1.0,0.0,0.0,0.0,1.0,1.0,1.0,0.0,1.0,0.0
a92477d2a686bb1d,8.0,0.0,8.0,0.0,8.0,8.0,5.0,0.0,8.0,8.0,0.0
9386e9eccf5a1228,12.0,12.0,0.0,0.0,0.0,14.0,13.0,14.0,0.0,14.0,0.0
8d3f03e5e25338f,3.0,3.0,3.0,0.0,3.0,3.0,3.0,0.0,3.0,3.0,0.0
d7515c030ded548a,12.0,12.0,0.0,0.0,9.0,12.0,9.0,0.0,0.0,12.0,3.0
71ef1783d94a8c79,32.0,32.0,28.0,0.0,33.0,32.0,30.0,0.0,28.0,33.0,0.0
e83681cad64ddb78,0.0,0.0,0.0,0.0,0.0,0.0,0.0,0.0,0.0,0.0,0.0
4dd413ce7fff38d4,6.0,0.0,6.0,0.0,6.0,6.0,5.0,0.0,5.0,6.0,1.0
855132b39ba3ad9f,2.0,2.0,1.0,0.0,0.0,2.0,2.0,2.0,1.0,2.0,1.0
82731063d72fa9f,10.0,1.0,1.0,0.0,10.0,10.0,10.0,10.0,1.0,10.0,1.0
196eef89dbde5162,298.0,296.0,134.0,0.0,292.0,300.0,290.0,0.0,134.0,300.0,0.0
e6b671cd34a5b0e3,4.0,0.0,4.0,0.0,0.0,4.0,4.0,0.0,4.0,4.0,0.0
1b17c1dd16a3ad72,1.0,1.0,1.0,0.0,1.0,1.0,1.0,0.0,1.0,1.0,1.0
6d570d20c528aa86,8.0,0.0,8.0,0.0,0.0,10.0,7.0,10.0,0.0,10.0,1.0
147cf1b2178dfe01,2.0,0.0,0.0,0.0,0.0,2.0,2.0,2.0,0.0,2.0,1.0
c8f7190bbb081f45,16.0,0.0,14.0,0.0,16.0,16.0,15.0,15.0,0.0,16.0,0.0
222d9bce2a57051d,93.0,93.0,0.0,0.0,62.0,96.0,85.0,95.0,0.0,96.0,0.0
761f20c045d57e3e,23.0,23.0,12.0,0.0,0.0,23.0,19.0,23.0,0.0,23.0,0.0
c7b93fd1c8682eaf,31.0,0.0,6.0,0.0,31.0,31.0,31.0,31.0,6.0,31.0,3.0
3ce495ef28fe270d,3.0,0.0,0.0,0.0,3.0,3.0,3.0,0.0,0.0,3.0,0.0
d02b679a841ccbe8,0.0,0.0,0.0,0.0,0.0,0.0,0.0,0.0,0.0,0.0,0.0
c94a9f8a301449aa,36.0,36.0,0.0,0.0,0.0,36.0,36.0,36.0,0.0,36.0,0.0
9699c87b2aa58273,0.0,0.0,0.0,0.0,0.0,0.0,0.0,0.0,0.0,0.0,0.0
ce7b08e22d5f05a5,16.0,15.0,1.0,0.0,16.0,16.0,14.0,0.0,1.0,16.0,1.0
212f080cb9d57b99,10.0,10.0,6.0,0.0,8.0,10.0,10.0,0.0,6.0,10.0,0.0
a273a3cc5f2cc14,0.0,0.0,0.0,0.0,0.0,0.0,0.0,0.0,0.0,0.0,0.0
f5b767318f47c188,82.0,81.0,31.0,0.0,80.0,82.0,77.0,0.0,0.0,82.0,3.0
8aaef38365da1270,0.0,0.0,0.0,0.0,0.0,0.0,0.0,0.0,0.0,0.0,0.0
e38a5ba521a6a22f,0.0,0.0,0.0,0.0,0.0,0.0,0.0,0.0,0.0,0.0,0.0
c5d736e90a320015,16.0,0.0,2.0,0.0,16.0,16.0,16.0,16.0,0.0,16.0,1.0
2ab2851e76d37760,31.0,0.0,2.0,0.0,29.0,32.0,29.0,32.0,2.0,32.0,3.0
e8dd49a64800f978,1.0,1.0,1.0,0.0,1.0,1.0,1.0,0.0,1.0,1.0,1.0
9939f0db0244acec,1.0,0.0,1.0,0.0,1.0,1.0,1.0,0.0,1.0,1.0,0.0
e28633191b309d2a,4.0,0.0,0.0,0.0,0.0,5.0,3.0,0.0,0.0,5.0,0.0
c38ab5248da8b3db,4.0,4.0,4.0,0.0,4.0,4.0,3.0,0.0,4.0,4.0,1.0
77513bd823e043ef,15.0,15.0,2.0,0.0,15.0,15.0,12.0,0.0,2.0,15.0,1.0
c7e80c664d55d412,4.0,0.0,4.0,0.0,0.0,4.0,4.0,4.0,3.0,4.0,0.0
8ee10ca269666786,67.0,67.0,0.0,0.0,66.0,67.0,36.0,67.0,0.0,67.0,3.0
b8b198a395100996,15.0,0.0,0.0,0.0,0.0,15.0,14.0,0.0,0.0,15.0,1.0
ae7abcdd26a035ce,2.0,2.0,2.0,0.0,0.0,2.0,2.0,0.0,2.0,2.0,1.0
3787d58842f2e24d,40.0,37.0,0.0,0.0,6.0,40.0,34.0,0.0,0.0,40.0,0.0
cdfadbf6d382fe2a,112.0,114.0,24.0,0.0,94.0,115.0,115.0,115.0,24.0,115.0,1.0
c8dd5f5bd9dd2bee,53.0,43.0,21.0,0.0,52.0,56.0,51.0,56.0,0.0,56.0,1.0
ea0b5fac24bfa51a,17.0,0.0,16.0,0.0,16.0,21.0,14.0,0.0,15.0,21.0,6.0
fab6ceaffb151f26,2.0,1.0,2.0,0.0,2.0,2.0,2.0,0.0,2.0,2.0,1.0
6cf2807a02804d92,9.0,8.0,8.0,0.0,8.0,9.0,9.0,0.0,8.0,9.0,3.0
2b608594fc34060,8.0,0.0,8.0,0.0,8.0,8.0,8.0,0.0,7.0,9.0,1.0
47e3d58a917abf28,19.0,19.0,19.0,0.0,19.0,19.0,19.0,19.0,19.0,19.0,0.0
4b8f0759435fd83c,0.0,0.0,0.0,0.0,0.0,0.0,0.0,0.0,0.0,0.0,0.0
9914334dd95168b1,1.0,1.0,1.0,0.0,1.0,1.0,1.0,0.0,1.0,1.0,0.0
2866cb5ff6f20021,0.0,0.0,0.0,0.0,0.0,0.0,0.0,0.0,0.0,0.0,0.0
2d4d3bf1fa316fab,4.0,0.0,0.0,0.0,0.0,4.0,4.0,0.0,0.0,4.0,1.0
d3e242760459fa0,0.0,0.0,0.0,0.0,0.0,0.0,0.0,0.0,0.0,0.0,0.0
c5a8e1a7682c7962,2.0,2.0,2.0,0.0,1.0,2.0,2.0,0.0,2.0,2.0,1.0
24778ecc173dd0ae,0.0,0.0,0.0,0.0,0.0,0.0,0.0,0.0,0.0,0.0,0.0
bed943ff9396ac73,126.0,126.0,0.0,0.0,0.0,127.0,111.0,127.0,0.0,127.0,0.0
7eff94c18312df69,0.0,0.0,0.0,0.0,0.0,0.0,0.0,0.0,0.0,0.0,0.0
45e982b23e2b9158,62.0,56.0,59.0,0.0,59.0,64.0,59.0,64.0,58.0,64.0,10.0
48be2e8a5ac8ba45,1.0,0.0,1.0,0.0,1.0,1.0,1.0,1.0,1.0,1.0,1.0
2f32899b7604186b,1.0,1.0,1.0,0.0,1.0,1.0,1.0,0.0,1.0,1.0,1.0
5e01ab86753a6185,1.0,0.0,0.0,0.0,0.0,1.0,0.0,1.0,0.0,1.0,1.0
f82436bb3e33f55f,7.0,0.0,5.0,0.0,5.0,7.0,5.0,0.0,0.0,7.0,2.0
cc3837fddcf42469,8.0,7.0,1.0,0.0,0.0,8.0,8.0,8.0,0.0,8.0,1.0
75841900edb46f71,0.0,0.0,0.0,0.0,0.0,0.0,0.0,0.0,0.0,0.0,0.0
84090eca68d99f81,71.0,29.0,71.0,0.0,67.0,71.0,66.0,0.0,69.0,71.0,1.0
fa9b83f5e3e01309,70.0,62.0,70.0,0.0,69.0,70.0,47.0,0.0,62.0,70.0,3.0
72825aa166393c6e,1.0,0.0,1.0,0.0,1.0,1.0,1.0,1.0,0.0,1.0,1.0
6b10bc706470c628,2.0,0.0,0.0,0.0,0.0,2.0,2.0,2.0,0.0,2.0,1.0
ce1108f4d8e2341d,7.0,7.0,1.0,0.0,7.0,7.0,6.0,7.0,1.0,7.0,0.0
ad05a76da7555770,5.0,5.0,0.0,0.0,0.0,5.0,5.0,5.0,0.0,5.0,1.0
d06ff5bb8a7b8e0b,70.0,1.0,37.0,0.0,46.0,70.0,68.0,0.0,37.0,71.0,0.0
2b59ac4a427e9f9c,2.0,2.0,2.0,0.0,2.0,2.0,2.0,2.0,2.0,2.0,0.0
bce7d10bc72d876f,46.0,0.0,45.0,0.0,20.0,46.0,45.0,0.0,0.0,46.0,17.0
e0d1688e952093b5,1.0,1.0,1.0,0.0,1.0,1.0,1.0,1.0,1.0,1.0,0.0
dd172565dfa30424,20.0,19.0,0.0,0.0,13.0,21.0,20.0,0.0,0.0,21.0,0.0
99844a7ab100d762,3.0,3.0,3.0,0.0,3.0,3.0,2.0,3.0,3.0,3.0,1.0
d3deff9f12aa6aea,35.0,35.0,35.0,0.0,35.0,35.0,31.0,0.0,35.0,35.0,0.0
92557f7ef41e6fbf,4.0,4.0,0.0,0.0,4.0,4.0,4.0,4.0,0.0,4.0,0.0
4c9cca92986e049,130.0,92.0,115.0,0.0,124.0,130.0,130.0,0.0,115.0,130.0,2.0
7d7190209f1324ab,1.0,1.0,1.0,0.0,1.0,1.0,1.0,1.0,1.0,1.0,1.0
33c5d1fce887111,123.0,80.0,74.0,0.0,123.0,123.0,122.0,0.0,74.0,123.0,17.0
52539e08e3886d44,114.0,112.0,87.0,0.0,115.0,114.0,107.0,0.0,85.0,115.0,1.0
8a9fab4eb9ced215,4.0,4.0,3.0,0.0,1.0,4.0,3.0,0.0,3.0,4.0,2.0
431ff7d47b39cb2c,42.0,9.0,42.0,0.0,34.0,42.0,40.0,0.0,42.0,43.0,8.0
aa77a8ba67d4ad60,57.0,57.0,13.0,0.0,0.0,62.0,61.0,62.0,12.0,62.0,1.0
1d9d6b77d562483d,8.0,8.0,4.0,0.0,8.0,8.0,7.0,0.0,4.0,8.0,0.0
4d98ece8319ac492,2.0,2.0,0.0,0.0,2.0,2.0,2.0,0.0,0.0,2.0,2.0
ebb26670d07edda,2.0,2.0,2.0,0.0,2.0,2.0,2.0,2.0,2.0,2.0,0.0
ce725f13b181af76,33.0,33.0,0.0,0.0,0.0,33.0,15.0,33.0,0.0,33.0,0.0
572185bdc79b6c55,1.0,1.0,1.0,0.0,1.0,1.0,0.0,0.0,1.0,1.0,1.0
d7a458173b70199c,29.0,24.0,0.0,0.0,30.0,31.0,27.0,31.0,0.0,31.0,0.0
d67e70ffddd28713,6.0,0.0,6.0,0.0,6.0,6.0,6.0,0.0,0.0,6.0,0.0
d873a457bf6de186,30.0,30.0,1.0,0.0,20.0,31.0,31.0,31.0,1.0,31.0,1.0
b695f30a46e42e91,7.0,0.0,7.0,0.0,7.0,7.0,7.0,0.0,6.0,7.0,0.0
80f28b41d7835683,0.0,0.0,0.0,0.0,0.0,0.0,0.0,0.0,0.0,0.0,0.0
4753f0d12bceb626,2.0,0.0,0.0,0.0,2.0,2.0,2.0,2.0,0.0,2.0,0.0
4dd9672ae9c68d1d,3.0,0.0,0.0,0.0,2.0,5.0,2.0,5.0,0.0,5.0,3.0
d002d162388f6b3e,9.0,0.0,9.0,0.0,9.0,9.0,9.0,9.0,9.0,9.0,1.0
144b74e4eb896873,3.0,3.0,3.0,0.0,3.0,3.0,3.0,3.0,3.0,3.0,0.0
1edd6989ed15972e,0.0,0.0,0.0,0.0,0.0,0.0,0.0,0.0,0.0,0.0,0.0
f4b19018feef1656,35.0,35.0,1.0,0.0,35.0,35.0,33.0,0.0,1.0,35.0,1.0
9a8a225f32cd087a,3.0,0.0,0.0,0.0,3.0,3.0,3.0,0.0,0.0,3.0,0.0
7bfa5f60e89834d4,61.0,0.0,61.0,0.0,60.0,61.0,61.0,61.0,61.0,61.0,1.0
1573868c114a70b3,27.0,0.0,0.0,0.0,0.0,27.0,24.0,0.0,0.0,27.0,1.0
34fb63ba09e7d411,20.0,0.0,22.0,0.0,22.0,22.0,21.0,22.0,22.0,22.0,1.0
cf8ae5dee816166a,51.0,0.0,28.0,0.0,53.0,50.0,50.0,50.0,28.0,54.0,0.0
e879c329eb63d6d6,68.0,37.0,76.0,2.0,78.0,76.0,70.0,74.0,75.0,78.0,0.0
fd12118d53810a1f,160.0,156.0,163.0,0.0,0.0,175.0,160.0,175.0,134.0,175.0,1.0
8862ee51d3df7c8a,25.0,18.0,0.0,0.0,0.0,24.0,25.0,0.0,0.0,25.0,0.0
c8016e657227fa18,32.0,12.0,32.0,0.0,32.0,32.0,32.0,31.0,32.0,32.0,1.0
6942491a0860dc95,1.0,0.0,1.0,0.0,1.0,1.0,1.0,1.0,1.0,1.0,0.0
88534646f87b4e50,0.0,0.0,0.0,0.0,0.0,0.0,0.0,0.0,0.0,0.0,0.0
473a106f9aaf2607,5.0,0.0,0.0,0.0,5.0,5.0,5.0,5.0,0.0,5.0,0.0
2e0449a0caee6f4,8.0,0.0,0.0,0.0,1.0,8.0,8.0,8.0,0.0,8.0,0.0
d62a906aa12b7eac,10.0,6.0,10.0,0.0,0.0,10.0,9.0,10.0,10.0,10.0,1.0
7c8a4b0074729d47,141.0,139.0,0.0,0.0,0.0,162.0,150.0,162.0,0.0,162.0,1.0
ef922e21f32a02f8,262.0,262.0,227.0,0.0,258.0,262.0,256.0,0.0,227.0,262.0,10.0
2ec4ef6c2c9b406b,2.0,2.0,2.0,0.0,1.0,2.0,2.0,0.0,2.0,2.0,0.0
b09dbb7bde3175a6,1.0,0.0,0.0,0.0,0.0,1.0,1.0,1.0,0.0,1.0,1.0
202f4f6b5c5ee53a,22.0,22.0,22.0,0.0,0.0,22.0,20.0,22.0,22.0,22.0,1.0
b591d68429317649,4.0,0.0,1.0,0.0,0.0,4.0,3.0,4.0,1.0,4.0,1.0
ed51fa31399a26b9,4.0,4.0,4.0,0.0,4.0,4.0,4.0,4.0,4.0,4.0,0.0
8190625bf534106a,3.0,4.0,3.0,0.0,4.0,4.0,4.0,4.0,3.0,4.0,0.0
261e03bb5695a2a5,15.0,15.0,0.0,0.0,15.0,15.0,13.0,0.0,0.0,15.0,0.0
c28479f06a710dc,1.0,1.0,1.0,0.0,0.0,1.0,1.0,0.0,0.0,1.0,0.0
7926c2a5280e160f,25.0,1.0,19.0,0.0,25.0,25.0,25.0,25.0,19.0,25.0,6.0
799079b93bcc270a,2.0,0.0,0.0,0.0,0.0,2.0,2.0,2.0,0.0,2.0,1.0
c73b1828c894853b,9.0,0.0,5.0,0.0,6.0,9.0,6.0,9.0,5.0,9.0,2.0
b702386286ba94fe,0.0,0.0,0.0,0.0,0.0,0.0,0.0,0.0,0.0,0.0,0.0
1f6475bf2e669eec,0.0,0.0,0.0,0.0,0.0,0.0,0.0,0.0,0.0,0.0,0.0
4360bfdcce0c3e34,2.0,2.0,2.0,0.0,2.0,2.0,1.0,2.0,2.0,2.0,0.0
7c85a1a06dafcdfc,2.0,0.0,0.0,0.0,2.0,2.0,2.0,2.0,0.0,2.0,0.0
b941e2e020a76047,37.0,37.0,0.0,0.0,37.0,37.0,37.0,0.0,0.0,37.0,2.0
7ecb6b9fc440cc2a,0.0,0.0,0.0,0.0,0.0,0.0,0.0,0.0,0.0,0.0,0.0
86228b81592b02d8,32.0,32.0,21.0,0.0,32.0,32.0,32.0,32.0,21.0,32.0,6.0
f0b7abda03ae593f,11.0,0.0,12.0,0.0,12.0,13.0,13.0,0.0,12.0,13.0,0.0
8395128f97ee4ecc,0.0,0.0,0.0,0.0,0.0,0.0,0.0,0.0,0.0,0.0,0.0
d77e23a80cecccc3,17.0,17.0,9.0,0.0,17.0,17.0,15.0,0.0,9.0,17.0,1.0
585fdcc99f955ecd,7.0,0.0,1.0,0.0,5.0,8.0,7.0,8.0,1.0,8.0,2.0
be8d28ceb0979b2b,65.0,33.0,98.0,0.0,0.0,97.0,98.0,0.0,0.0,100.0,0.0
b23c40d762e6f29c,2.0,2.0,0.0,0.0,2.0,2.0,2.0,2.0,0.0,2.0,0.0
5807d07aaad53fb7,22.0,23.0,23.0,0.0,1.0,23.0,22.0,23.0,23.0,23.0,0.0
5810516f8c0b2bc5,48.0,48.0,0.0,0.0,40.0,48.0,40.0,48.0,0.0,48.0,0.0
db982d84ef848a1a,14.0,14.0,1.0,0.0,14.0,14.0,9.0,14.0,0.0,14.0,0.0
d63d85d339ee561c,0.0,0.0,0.0,0.0,0.0,0.0,0.0,0.0,0.0,0.0,0.0
762b959f7af2e908,2.0,0.0,2.0,0.0,2.0,2.0,2.0,0.0,2.0,2.0,0.0
55fec0f4d505374b,1.0,1.0,1.0,0.0,1.0,1.0,1.0,0.0,1.0,1.0,0.0
f14abea7be0928b8,12.0,8.0,0.0,0.0,0.0,12.0,12.0,12.0,0.0,12.0,0.0
82ab118687f3ad50,136.0,119.0,137.0,0.0,195.0,205.0,155.0,194.0,0.0,205.0,1.0
e12e35840d58f2b6,3.0,0.0,3.0,0.0,3.0,3.0,3.0,3.0,3.0,3.0,1.0
89d27bec5e2b0b04,0.0,0.0,0.0,0.0,0.0,0.0,0.0,0.0,0.0,0.0,0.0
1e9b3a1939e7f667,36.0,36.0,14.0,0.0,0.0,42.0,30.0,42.0,13.0,42.0,1.0
55509fc9d813f80d,1.0,0.0,0.0,0.0,1.0,1.0,1.0,1.0,0.0,1.0,1.0
c943171ba4c24866,7.0,6.0,0.0,0.0,0.0,7.0,6.0,7.0,0.0,7.0,1.0
49ce7ee2f1ab14f,3.0,0.0,1.0,0.0,2.0,3.0,3.0,3.0,1.0,3.0,1.0
6d31d9b518435451,9.0,9.0,9.0,0.0,9.0,9.0,8.0,0.0,9.0,9.0,1.0
c9e7d0498b745919,0.0,0.0,0.0,0.0,0.0,0.0,0.0,0.0,0.0,0.0,0.0
e16ddfba65070884,12.0,0.0,0.0,0.0,12.0,12.0,10.0,0.0,0.0,12.0,0.0
e653a526b29d0cdf,7.0,0.0,0.0,0.0,7.0,7.0,7.0,0.0,0.0,7.0,1.0
fc913f07fff56440,16.0,16.0,0.0,0.0,16.0,16.0,16.0,0.0,0.0,16.0,1.0
ed8207c65dbd8644,3.0,3.0,3.0,0.0,0.0,3.0,3.0,0.0,3.0,3.0,0.0
4f5ae99761b84912,0.0,0.0,0.0,0.0,0.0,0.0,0.0,0.0,0.0,0.0,0.0
71b8143362f5cd2f,29.0,28.0,28.0,0.0,29.0,29.0,21.0,29.0,28.0,29.0,1.0
f0dd09465dfbb0d8,3.0,3.0,0.0,0.0,0.0,3.0,3.0,0.0,0.0,3.0,1.0
c3a1fbfa91fdd200,13.0,0.0,13.0,0.0,13.0,13.0,13.0,13.0,13.0,13.0,0.0
74387f1591fc410c,2.0,1.0,2.0,0.0,2.0,2.0,2.0,2.0,1.0,2.0,0.0
fea96e486726d037,3.0,3.0,2.0,0.0,4.0,3.0,3.0,0.0,2.0,4.0,0.0
13e509c14dd1a12b,31.0,0.0,28.0,0.0,14.0,36.0,29.0,0.0,22.0,37.0,0.0
3b38bffe8a984304,2.0,2.0,2.0,0.0,0.0,2.0,2.0,0.0,0.0,3.0,0.0
64dc113d2a787198,0.0,0.0,0.0,0.0,0.0,0.0,0.0,0.0,0.0,0.0,0.0
8811b4f546c0d459,1.0,1.0,1.0,0.0,0.0,1.0,1.0,0.0,1.0,1.0,0.0
4cb8fbb1dbe3098d,66.0,62.0,55.0,0.0,0.0,72.0,68.0,72.0,44.0,72.0,0.0
59f11d62b0e44b9b,15.0,1.0,11.0,0.0,11.0,16.0,12.0,0.0,11.0,17.0,6.0
39787ee4e0b1127f,14.0,16.0,10.0,0.0,15.0,16.0,7.0,0.0,0.0,16.0,1.0
af16c9508ebb7c15,6.0,6.0,6.0,0.0,6.0,6.0,6.0,0.0,6.0,6.0,0.0
d839a662386bdece,35.0,35.0,0.0,0.0,35.0,35.0,34.0,35.0,0.0,35.0,0.0
a8a8e3215ca4281b,5.0,5.0,5.0,0.0,0.0,5.0,4.0,0.0,5.0,5.0,2.0
55a61375f80bf57d,16.0,16.0,0.0,0.0,15.0,16.0,15.0,16.0,0.0,16.0,2.0
e2ca4e529601dfd5,3.0,3.0,2.0,0.0,3.0,3.0,2.0,0.0,2.0,3.0,1.0
400bea205b1cc711,107.0,34.0,0.0,0.0,100.0,110.0,101.0,110.0,0.0,110.0,0.0
1df84e4731eeb643,5.0,0.0,7.0,0.0,5.0,6.0,6.0,7.0,7.0,7.0,0.0
45a3c2ceee660ea4,60.0,16.0,43.0,0.0,60.0,60.0,60.0,18.0,0.0,60.0,3.0
d46957b4d0f0bb5,6.0,0.0,6.0,0.0,5.0,6.0,5.0,0.0,0.0,6.0,1.0
46071ba78f8dc2a,17.0,15.0,0.0,0.0,16.0,19.0,15.0,19.0,0.0,19.0,0.0
fe32ea8e220f69e,5.0,5.0,0.0,0.0,5.0,5.0,5.0,0.0,0.0,5.0,0.0
9922119d47308821,0.0,0.0,0.0,0.0,0.0,0.0,0.0,0.0,0.0,0.0,0.0
33ab98228e8a383b,59.0,59.0,45.0,0.0,59.0,59.0,59.0,59.0,38.0,59.0,0.0
b3c29f580ad8bddd,0.0,0.0,0.0,0.0,0.0,0.0,0.0,0.0,0.0,0.0,0.0
e100e676865a0885,76.0,76.0,76.0,0.0,77.0,76.0,73.0,76.0,76.0,77.0,2.0
aa3010be97077c7,6.0,0.0,6.0,0.0,6.0,6.0,6.0,0.0,0.0,6.0,0.0
e02fb2a86e833b8d,0.0,0.0,0.0,0.0,0.0,0.0,0.0,0.0,0.0,0.0,0.0
e849f51f5afe2fd9,0.0,0.0,0.0,0.0,0.0,0.0,0.0,0.0,0.0,0.0,0.0
9a33ab6ba439af9e,19.0,4.0,19.0,0.0,19.0,19.0,16.0,0.0,19.0,19.0,0.0
c1c17ff617c31872,28.0,28.0,15.0,0.0,0.0,28.0,28.0,0.0,15.0,28.0,0.0
16c18dcc7f104b4e,10.0,0.0,0.0,0.0,0.0,10.0,7.0,0.0,0.0,10.0,0.0
56057bb3b49238e7,60.0,60.0,21.0,0.0,59.0,60.0,59.0,60.0,21.0,60.0,0.0
e98ebed1f986b796,1.0,0.0,0.0,0.0,0.0,1.0,1.0,0.0,0.0,1.0,1.0
f035a71195a5edf6,0.0,0.0,0.0,0.0,0.0,0.0,0.0,0.0,0.0,0.0,0.0
a74ab0acc409c3e9,7.0,7.0,0.0,0.0,8.0,8.0,8.0,8.0,0.0,8.0,0.0
6d29ebdb52e6bdb6,5.0,5.0,0.0,0.0,3.0,5.0,5.0,0.0,0.0,5.0,1.0
b61169a14bd07a23,0.0,0.0,0.0,0.0,0.0,0.0,0.0,0.0,0.0,0.0,0.0
731beb69929ac852,10.0,11.0,11.0,0.0,9.0,11.0,11.0,11.0,10.0,11.0,0.0
9f9cd782d0b6ffb4,2.0,0.0,0.0,0.0,0.0,2.0,1.0,2.0,0.0,2.0,0.0
50a2109a3917a07c,25.0,15.0,24.0,0.0,24.0,25.0,25.0,0.0,24.0,25.0,0.0
d7147f58c4a86fb2,140.0,140.0,122.0,0.0,0.0,140.0,139.0,0.0,121.0,140.0,0.0
2e0a0940e1abfb6f,1.0,0.0,0.0,0.0,0.0,0.0,0.0,0.0,0.0,1.0,1.0
11091721ea79dbdf,49.0,46.0,49.0,0.0,49.0,49.0,48.0,0.0,49.0,49.0,1.0
a6e5ae0585e045d,56.0,56.0,0.0,0.0,7.0,56.0,56.0,56.0,0.0,56.0,0.0
c4fd70ec3d1b4995,1.0,1.0,1.0,0.0,1.0,1.0,1.0,0.0,0.0,1.0,0.0
22a3067205b7c0c5,1.0,1.0,1.0,0.0,1.0,1.0,1.0,1.0,1.0,1.0,1.0
88f10a3f399bbdf0,1.0,0.0,0.0,0.0,0.0,1.0,1.0,1.0,0.0,1.0,0.0
d73e69abf1734eb7,10.0,1.0,10.0,0.0,10.0,10.0,10.0,0.0,10.0,10.0,0.0
d660316f31a7a56a,0.0,0.0,0.0,0.0,0.0,0.0,0.0,0.0,0.0,0.0,0.0
4f7fba726d8aa3a3,5.0,0.0,5.0,0.0,5.0,5.0,4.0,0.0,0.0,5.0,1.0
46d01b4fcb67a091,20.0,0.0,0.0,0.0,14.0,20.0,20.0,0.0,0.0,20.0,1.0
79b1bcc2a8685a9e,12.0,12.0,0.0,0.0,12.0,12.0,12.0,12.0,0.0,12.0,1.0
cc4be0ae8751afe6,1.0,0.0,1.0,0.0,1.0,1.0,0.0,0.0,0.0,1.0,1.0
24072e7ca2bcecf2,0.0,0.0,0.0,0.0,1.0,0.0,1.0,0.0,0.0,1.0,0.0
4a8891f4280c8f5a,6.0,6.0,0.0,0.0,0.0,6.0,3.0,0.0,0.0,6.0,0.0
b23009250aaa58d4,0.0,0.0,0.0,0.0,0.0,0.0,0.0,0.0,0.0,0.0,0.0
2f14bb3041aa0c9c,8.0,8.0,6.0,0.0,8.0,8.0,8.0,0.0,0.0,8.0,1.0
3fcb0f19b65e1328,97.0,0.0,0.0,0.0,97.0,97.0,87.0,97.0,0.0,97.0,1.0
3fb58dddaef9aea,3.0,0.0,3.0,0.0,3.0,3.0,3.0,0.0,3.0,3.0,1.0
b2b3b06054c3bcf6,5.0,5.0,1.0,0.0,5.0,5.0,5.0,5.0,1.0,5.0,1.0
9468b8587fdb45ce,6.0,0.0,6.0,0.0,6.0,6.0,5.0,0.0,6.0,6.0,4.0
be44e42d1908c53c,0.0,0.0,0.0,0.0,0.0,0.0,0.0,0.0,0.0,0.0,0.0
54ba039fac1ad8ac,6.0,6.0,1.0,0.0,6.0,6.0,5.0,0.0,1.0,6.0,1.0
a35fd04a7edc0f01,1.0,1.0,1.0,0.0,1.0,1.0,1.0,0.0,1.0,1.0,0.0
febc664f91048fec,33.0,0.0,4.0,0.0,33.0,33.0,18.0,33.0,4.0,33.0,7.0
278ca0faa9fb557,1.0,1.0,1.0,0.0,1.0,1.0,1.0,1.0,0.0,1.0,1.0
a95693777b6ecaa,18.0,16.0,18.0,0.0,19.0,18.0,12.0,18.0,18.0,19.0,0.0
4a3836b25e1af49e,5.0,0.0,5.0,0.0,5.0,5.0,5.0,0.0,5.0,5.0,0.0
641b297d245c9b64,4.0,0.0,2.0,0.0,3.0,3.0,3.0,4.0,2.0,4.0,2.0
e044b391b82d907d,0.0,0.0,0.0,0.0,0.0,0.0,0.0,0.0,0.0,0.0,0.0
71f95d7c2bf55311,0.0,0.0,0.0,0.0,0.0,0.0,0.0,0.0,0.0,0.0,0.0
d0771b4c410ad805,4.0,4.0,1.0,0.0,4.0,4.0,3.0,4.0,1.0,4.0,1.0
756d3dad60b8db3a,3.0,4.0,0.0,0.0,4.0,4.0,4.0,0.0,0.0,4.0,0.0
6ec691670112902a,61.0,51.0,46.0,0.0,60.0,61.0,55.0,0.0,9.0,61.0,1.0
4c91e146d010f509,0.0,0.0,0.0,0.0,0.0,0.0,0.0,0.0,0.0,0.0,0.0
5ecff0425b5bd513,8.0,0.0,0.0,0.0,7.0,8.0,5.0,8.0,0.0,8.0,1.0
2e689f5842249f73,8.0,0.0,8.0,0.0,8.0,8.0,8.0,0.0,7.0,8.0,1.0
7cac762905368080,0.0,0.0,0.0,0.0,0.0,0.0,0.0,0.0,0.0,0.0,0.0
d98883aa2c660f0f,5.0,0.0,5.0,0.0,5.0,5.0,5.0,5.0,0.0,5.0,0.0
643ac2fc45cc7316,35.0,35.0,35.0,0.0,35.0,35.0,27.0,35.0,35.0,35.0,0.0
ac1876a7568b6c78,72.0,20.0,0.0,0.0,0.0,72.0,72.0,72.0,0.0,72.0,0.0
c49585b58dc130dd,1.0,1.0,0.0,0.0,1.0,1.0,1.0,1.0,0.0,1.0,1.0
e7cd93bd454e24e7,3.0,0.0,0.0,0.0,0.0,2.0,2.0,3.0,0.0,3.0,0.0
26b2f455935afb0b,1.0,0.0,0.0,0.0,0.0,1.0,1.0,0.0,0.0,1.0,0.0
5c245e1ef6cc8269,0.0,0.0,0.0,0.0,0.0,0.0,0.0,0.0,0.0,0.0,0.0
ae3186e9e77074b2,0.0,0.0,0.0,0.0,0.0,0.0,0.0,0.0,0.0,0.0,0.0
a98b1b255e9148a8,142.0,142.0,62.0,0.0,115.0,142.0,135.0,142.0,62.0,142.0,1.0
3d4c0ff0d7395ad,1.0,1.0,1.0,0.0,1.0,1.0,1.0,0.0,1.0,1.0,1.0
8df5afbfe08fa93c,2.0,2.0,2.0,0.0,2.0,2.0,2.0,0.0,2.0,2.0,1.0
604e0d1427a796f9,0.0,0.0,0.0,0.0,0.0,0.0,0.0,0.0,0.0,0.0,0.0
db44be39a636d12d,95.0,97.0,89.0,0.0,0.0,100.0,99.0,100.0,89.0,100.0,0.0
b2a3fb6f4bca00de,17.0,0.0,17.0,0.0,17.0,17.0,17.0,17.0,17.0,17.0,1.0
4a96051861ee8ecd,9.0,0.0,9.0,0.0,5.0,9.0,8.0,0.0,9.0,10.0,5.0
81e2236d30fa2342,33.0,33.0,2.0,0.0,33.0,33.0,29.0,33.0,2.0,33.0,1.0
d09c42807bcc716d,3.0,3.0,1.0,0.0,2.0,3.0,1.0,3.0,0.0,3.0,1.0
be5123501b5537a9,20.0,20.0,4.0,0.0,10.0,21.0,16.0,21.0,0.0,21.0,2.0
25485b64d6f8b478,72.0,71.0,76.0,0.0,77.0,77.0,71.0,72.0,57.0,78.0,2.0
b17481fd4534f614,0.0,0.0,0.0,0.0,0.0,0.0,0.0,0.0,0.0,0.0,0.0
1c2c8c897b7e0e01,10.0,0.0,1.0,0.0,10.0,10.0,9.0,10.0,1.0,10.0,1.0
1dd9cdada932c0f4,5.0,0.0,0.0,0.0,0.0,5.0,0.0,0.0,0.0,5.0,0.0
fc7b1cfcbf84f59e,200.0,165.0,125.0,0.0,192.0,205.0,128.0,205.0,93.0,205.0,1.0
61ffe8693f4b66ab,0.0,0.0,0.0,0.0,0.0,0.0,0.0,0.0,0.0,0.0,0.0
8171cde29ef49715,75.0,67.0,74.0,0.0,76.0,79.0,76.0,0.0,71.0,79.0,5.0
a5f8d12dac220ecf,193.0,177.0,108.0,0.0,193.0,193.0,190.0,16.0,0.0,193.0,19.0
c1cfa3d449cb7a81,0.0,0.0,0.0,0.0,0.0,0.0,0.0,0.0,0.0,0.0,0.0
397548793110b245,1.0,0.0,0.0,0.0,1.0,1.0,1.0,0.0,0.0,1.0,1.0
342c6e885cad2869,7.0,7.0,7.0,0.0,7.0,7.0,7.0,7.0,7.0,7.0,1.0
bf173b29f13aeb50,22.0,18.0,27.0,0.0,27.0,27.0,26.0,27.0,27.0,27.0,1.0
5d14712ef852fa55,5.0,0.0,0.0,0.0,0.0,5.0,5.0,0.0,0.0,5.0,1.0
e59027fad45d5c98,31.0,0.0,30.0,0.0,0.0,29.0,29.0,30.0,30.0,31.0,1.0
3611af370bbf776a,65.0,39.0,62.0,0.0,62.0,65.0,64.0,65.0,62.0,65.0,1.0
83216edfbf012443,18.0,18.0,8.0,0.0,18.0,18.0,15.0,0.0,8.0,18.0,2.0
8f285f519012336,13.0,10.0,13.0,0.0,12.0,13.0,12.0,0.0,13.0,13.0,1.0
41752f51018ba276,5.0,0.0,5.0,0.0,5.0,5.0,4.0,5.0,5.0,5.0,1.0
f2ee8d690f26bea5,6.0,6.0,6.0,0.0,6.0,6.0,6.0,0.0,0.0,6.0,2.0
fa6ad04b0477243d,64.0,64.0,0.0,0.0,64.0,64.0,61.0,64.0,0.0,64.0,1.0
60675ce384a3905b,5.0,2.0,5.0,0.0,5.0,5.0,5.0,0.0,0.0,5.0,0.0
a65eb800217d76d5,5.0,0.0,5.0,0.0,0.0,5.0,5.0,5.0,5.0,5.0,1.0
158dc395565e935,2.0,2.0,2.0,0.0,2.0,2.0,2.0,2.0,0.0,2.0,1.0
9ea6f4a52ebab6a6,205.0,204.0,146.0,0.0,0.0,205.0,184.0,205.0,146.0,205.0,0.0
1d01ddd2731b2607,24.0,28.0,0.0,0.0,0.0,31.0,31.0,31.0,0.0,31.0,0.0
82666c160b37e682,0.0,0.0,0.0,0.0,0.0,0.0,0.0,0.0,0.0,0.0,0.0
c055cd3578904c57,1.0,1.0,0.0,0.0,1.0,1.0,1.0,0.0,0.0,1.0,1.0
cc3686e168b7b21f,9.0,3.0,9.0,0.0,9.0,9.0,9.0,0.0,9.0,9.0,0.0
70368246c91102c6,2.0,0.0,0.0,0.0,0.0,2.0,2.0,0.0,0.0,2.0,1.0
99afaeb6eba420c5,100.0,0.0,0.0,0.0,0.0,97.0,107.0,98.0,0.0,107.0,1.0
c168d544a47bc812,5.0,5.0,5.0,0.0,5.0,5.0,4.0,5.0,5.0,5.0,1.0
898dc7530312689f,16.0,0.0,0.0,0.0,15.0,16.0,15.0,0.0,0.0,16.0,0.0
fdd5be64b2e8fe98,18.0,0.0,18.0,0.0,18.0,13.0,17.0,0.0,18.0,18.0,0.0
1e4d057c3954846d,6.0,6.0,6.0,0.0,6.0,6.0,6.0,0.0,6.0,6.0,2.0
c99841d14fceb230,29.0,29.0,29.0,0.0,29.0,29.0,29.0,0.0,0.0,29.0,1.0
2d9a6a8e8234386c,26.0,26.0,12.0,0.0,17.0,26.0,24.0,0.0,12.0,27.0,7.0
7e605421cf9a86f7,15.0,15.0,0.0,0.0,15.0,15.0,15.0,15.0,0.0,15.0,1.0
b97e67bdc81cd49c,31.0,31.0,0.0,0.0,0.0,32.0,19.0,32.0,0.0,32.0,1.0
8268fe8d46d3e4bb,1.0,0.0,0.0,0.0,1.0,1.0,0.0,1.0,0.0,1.0,1.0
9870b38614ac6043,138.0,137.0,49.0,0.0,134.0,140.0,117.0,140.0,49.0,140.0,0.0
6fafa1a728b7846d,61.0,61.0,0.0,0.0,0.0,64.0,62.0,64.0,0.0,64.0,1.0
aecf254a0fad7d19,53.0,54.0,0.0,0.0,33.0,55.0,42.0,55.0,0.0,55.0,1.0
5d38c1fcc74d8570,2.0,2.0,0.0,0.0,0.0,2.0,2.0,2.0,0.0,2.0,0.0
267ebd83542768a1,36.0,36.0,34.0,0.0,36.0,36.0,36.0,0.0,34.0,36.0,6.0
b3bfddcfd19ac531,0.0,0.0,0.0,0.0,0.0,0.0,0.0,0.0,0.0,0.0,0.0
2684f51645477782,4.0,4.0,0.0,0.0,0.0,4.0,4.0,4.0,0.0,4.0,1.0
b58c515df27266a0,1.0,1.0,1.0,0.0,1.0,1.0,1.0,1.0,1.0,1.0,1.0
78c70e9e1a2b86f7,13.0,13.0,2.0,0.0,0.0,13.0,13.0,13.0,2.0,13.0,1.0
1ae704e7f8f91188,1.0,1.0,0.0,0.0,1.0,1.0,0.0,0.0,0.0,1.0,0.0
b46459187576ea38,3.0,0.0,3.0,0.0,3.0,3.0,3.0,3.0,3.0,3.0,1.0
a9a224d377ce03ed,1.0,1.0,0.0,0.0,0.0,1.0,1.0,1.0,0.0,1.0,1.0
62f521764001569b,2.0,1.0,1.0,0.0,2.0,2.0,2.0,0.0,0.0,2.0,0.0
db56698c036d817e,20.0,20.0,2.0,0.0,0.0,24.0,16.0,24.0,2.0,24.0,1.0
195b70eb124cbec6,1.0,1.0,0.0,0.0,0.0,1.0,0.0,1.0,0.0,1.0,1.0
3772a5cc564bc9eb,0.0,0.0,0.0,0.0,0.0,0.0,0.0,0.0,0.0,0.0,0.0
43a05086ccde3337,57.0,57.0,0.0,0.0,51.0,57.0,55.0,57.0,0.0,57.0,2.0
43771e85723d8ee2,27.0,27.0,5.0,0.0,27.0,27.0,27.0,27.0,0.0,27.0,0.0
6c3297d8a10d6cf0,5.0,5.0,0.0,0.0,0.0,5.0,5.0,5.0,0.0,5.0,1.0
f6ae4e9cb5218cc0,74.0,20.0,72.0,0.0,74.0,74.0,73.0,0.0,72.0,74.0,1.0
a9ce5bf88e58c21a,25.0,27.0,0.0,0.0,0.0,31.0,28.0,0.0,0.0,31.0,1.0
1d0eb52e52bd2961,3.0,3.0,3.0,0.0,3.0,3.0,2.0,3.0,3.0,3.0,0.0
87e3f9253ff6413a,2.0,2.0,2.0,0.0,0.0,2.0,2.0,2.0,2.0,2.0,0.0
8df26b114656884a,1.0,1.0,0.0,0.0,1.0,1.0,0.0,0.0,0.0,1.0,0.0
344e3c325cc43a32,32.0,0.0,0.0,0.0,0.0,32.0,32.0,0.0,0.0,32.0,1.0
96e63eaf790cf9ac,1.0,0.0,0.0,0.0,1.0,1.0,1.0,0.0,0.0,1.0,0.0
e33d9a41179dc023,319.0,298.0,0.0,0.0,316.0,319.0,239.0,0.0,0.0,319.0,1.0
39fae6efe35e99ba,10.0,10.0,9.0,0.0,10.0,10.0,7.0,10.0,9.0,10.0,0.0
e50b31aa51a02460,1.0,1.0,1.0,0.0,1.0,1.0,1.0,0.0,1.0,1.0,1.0
f3a065f807f98344,1.0,1.0,0.0,0.0,1.0,1.0,1.0,0.0,0.0,1.0,0.0
8618d9eb962916fe,1.0,1.0,0.0,0.0,0.0,1.0,1.0,1.0,0.0,1.0,1.0
47358ba70b43236d,23.0,0.0,18.0,0.0,23.0,23.0,23.0,23.0,17.0,23.0,0.0
18cdcacd66829a7b,4.0,3.0,3.0,0.0,4.0,4.0,3.0,0.0,3.0,5.0,0.0
81e018d1e33a2e73,3.0,3.0,0.0,0.0,0.0,3.0,3.0,0.0,0.0,3.0,0.0
18d31e7f1f8d1208,2.0,2.0,1.0,0.0,2.0,2.0,2.0,0.0,1.0,2.0,1.0
b553e8a05c755451,13.0,0.0,0.0,0.0,16.0,16.0,15.0,16.0,0.0,16.0,0.0
485e74c39135f825,1.0,1.0,0.0,0.0,0.0,1.0,1.0,0.0,0.0,1.0,1.0
ccc6b2de9c5c9fc2,19.0,18.0,19.0,0.0,18.0,19.0,16.0,0.0,19.0,19.0,0.0
af2abdd03329b2b3,2.0,1.0,2.0,0.0,0.0,2.0,2.0,2.0,0.0,2.0,0.0
50e19972eddca222,1.0,1.0,0.0,0.0,0.0,1.0,1.0,1.0,0.0,1.0,1.0
193a073f51539b2f,3.0,3.0,3.0,0.0,3.0,3.0,2.0,0.0,3.0,3.0,1.0
ab5570563f1e79f,18.0,0.0,0.0,0.0,0.0,18.0,14.0,19.0,0.0,20.0,0.0
a2f5e25831386cc,1.0,1.0,1.0,0.0,1.0,1.0,1.0,0.0,1.0,1.0,0.0
6fb5e50f335116e3,31.0,32.0,20.0,0.0,0.0,33.0,31.0,0.0,20.0,33.0,1.0
9a04759aae0377f8,69.0,30.0,63.0,0.0,71.0,71.0,69.0,0.0,62.0,71.0,1.0
a3654d2f260d94ee,9.0,9.0,9.0,0.0,9.0,9.0,9.0,0.0,9.0,9.0,0.0
98b0084aff3eb3cd,1.0,0.0,0.0,0.0,1.0,1.0,0.0,0.0,0.0,1.0,0.0
aff02f704c0e3e3a,0.0,0.0,0.0,0.0,0.0,0.0,0.0,0.0,0.0,0.0,0.0
abd6cdf21d0009b,18.0,5.0,22.0,0.0,23.0,15.0,23.0,0.0,0.0,25.0,1.0
b9d527b776c5155a,0.0,0.0,0.0,0.0,0.0,0.0,0.0,0.0,0.0,0.0,0.0
3ae148b42efe1940,20.0,20.0,20.0,0.0,0.0,20.0,18.0,20.0,19.0,20.0,0.0
6ff857d1945ea2e3,8.0,8.0,0.0,0.0,6.0,8.0,6.0,8.0,0.0,8.0,1.0
8091168a6522eb64,2.0,0.0,1.0,0.0,2.0,2.0,2.0,2.0,1.0,2.0,0.0
f45a575cb26fd540,8.0,8.0,1.0,0.0,5.0,8.0,5.0,0.0,0.0,8.0,0.0
27f8f66e057891a6,3.0,3.0,3.0,0.0,0.0,3.0,3.0,3.0,0.0,3.0,0.0
6406044bd3b06364,6.0,6.0,0.0,0.0,0.0,6.0,6.0,6.0,0.0,6.0,0.0
1b87d5e7a13a2de6,4.0,0.0,4.0,0.0,4.0,4.0,4.0,4.0,4.0,4.0,1.0
ddbc1b0e562b091b,6.0,6.0,0.0,0.0,6.0,6.0,6.0,6.0,0.0,6.0,0.0
7e6b5ea5396e5652,2.0,0.0,2.0,0.0,0.0,2.0,2.0,0.0,2.0,2.0,0.0
f7048ecd49f71cfa,0.0,0.0,0.0,0.0,0.0,0.0,0.0,0.0,0.0,0.0,0.0
f6c52913cecd99b,2.0,0.0,0.0,0.0,0.0,2.0,2.0,2.0,0.0,2.0,0.0
f56df86ca53c951e,295.0,189.0,37.0,0.0,321.0,344.0,337.0,344.0,35.0,344.0,7.0
71237b3bfc2496c8,1.0,1.0,1.0,0.0,1.0,1.0,1.0,1.0,1.0,1.0,0.0
2f23cc3aecd095d6,7.0,7.0,0.0,0.0,1.0,7.0,6.0,7.0,0.0,7.0,1.0
ca079bda0121c1ec,4.0,0.0,1.0,0.0,4.0,4.0,4.0,0.0,1.0,4.0,2.0
d166bc20ff86ff45,2.0,2.0,0.0,0.0,3.0,2.0,3.0,0.0,0.0,3.0,0.0
bbb9c7a13b14907c,60.0,25.0,60.0,0.0,60.0,60.0,56.0,0.0,60.0,60.0,1.0
895ae172d581c30,104.0,0.0,76.0,0.0,89.0,104.0,96.0,0.0,67.0,104.0,1.0
fed57406c2b4211d,15.0,15.0,15.0,0.0,15.0,15.0,15.0,0.0,15.0,15.0,1.0
5c7e4f5423c22ea7,31.0,0.0,0.0,0.0,0.0,31.0,29.0,31.0,0.0,31.0,0.0
a292011c8a889e33,16.0,0.0,17.0,0.0,15.0,17.0,16.0,17.0,16.0,17.0,1.0
2e32770c972bc1a1,17.0,4.0,17.0,0.0,16.0,17.0,17.0,0.0,17.0,17.0,0.0
410db61a0356a6a8,6.0,6.0,0.0,0.0,5.0,7.0,5.0,7.0,0.0,7.0,1.0
a954bdac19f382ea,14.0,17.0,12.0,0.0,14.0,17.0,14.0,0.0,12.0,17.0,0.0
825164f88e9121f1,1.0,1.0,1.0,0.0,0.0,1.0,1.0,1.0,1.0,1.0,0.0
b58de00a600c9491,3.0,0.0,3.0,0.0,2.0,3.0,3.0,0.0,2.0,3.0,1.0
6293389358a26f97,1.0,1.0,1.0,0.0,1.0,1.0,0.0,1.0,1.0,1.0,0.0
56c18c15956dfaa1,21.0,1.0,21.0,0.0,21.0,21.0,21.0,0.0,16.0,21.0,1.0
c5eaa3747d50159e,3.0,3.0,3.0,0.0,3.0,3.0,3.0,0.0,3.0,3.0,0.0
dd7dc0f075435615,22.0,0.0,0.0,0.0,0.0,21.0,21.0,22.0,0.0,22.0,0.0
41137ca04fa8110a,1.0,1.0,1.0,0.0,1.0,1.0,1.0,0.0,0.0,1.0,0.0
48e53cff3c5acc45,1.0,1.0,0.0,0.0,1.0,1.0,1.0,1.0,0.0,1.0,1.0
72d1528e24e984d7,18.0,19.0,12.0,0.0,0.0,19.0,13.0,19.0,0.0,19.0,1.0
4fd7a233b95a1cfe,39.0,0.0,42.0,0.0,42.0,42.0,32.0,42.0,0.0,42.0,0.0
169f2cdf4d1b1d7,12.0,6.0,10.0,0.0,4.0,12.0,10.0,0.0,10.0,12.0,1.0
968d46a61b7193f4,12.0,12.0,7.0,0.0,12.0,12.0,9.0,0.0,6.0,12.0,0.0
85140844c3d5442c,1.0,0.0,0.0,0.0,1.0,1.0,1.0,1.0,0.0,1.0,0.0
c6a850df45c416a7,3.0,3.0,0.0,0.0,3.0,3.0,3.0,3.0,0.0,3.0,1.0
1b51c87381fa5d46,1.0,0.0,1.0,0.0,1.0,1.0,1.0,1.0,0.0,1.0,1.0
3c5a03aec7b16b50,1.0,1.0,1.0,0.0,1.0,1.0,1.0,1.0,1.0,1.0,1.0
9b72a9465d49bc78,17.0,0.0,17.0,0.0,16.0,17.0,17.0,17.0,17.0,17.0,0.0
69a1902ca3b78cf0,2.0,0.0,0.0,0.0,1.0,2.0,1.0,2.0,0.0,2.0,1.0
6e3b8c2a54a7dfa1,28.0,27.0,29.0,0.0,29.0,29.0,29.0,0.0,0.0,29.0,1.0
8abaf3ce125865f0,38.0,38.0,38.0,0.0,37.0,38.0,34.0,38.0,38.0,38.0,1.0
df339751e3536e85,1.0,0.0,1.0,0.0,1.0,1.0,1.0,1.0,1.0,1.0,0.0
78deea4c726cbdd5,97.0,94.0,70.0,0.0,0.0,98.0,58.0,96.0,69.0,98.0,0.0
ae09e2be21b3f6e5,98.0,94.0,0.0,0.0,115.0,115.0,38.0,115.0,0.0,115.0,7.0
d22742beb5cbb792,0.0,0.0,0.0,0.0,1.0,0.0,1.0,0.0,0.0,1.0,0.0
6f323c44cdabb271,30.0,0.0,30.0,0.0,30.0,32.0,22.0,0.0,30.0,32.0,1.0
ab0077712ffd7a38,16.0,0.0,15.0,0.0,12.0,16.0,14.0,16.0,15.0,16.0,1.0
5b1af9af75784fc3,0.0,0.0,0.0,0.0,1.0,0.0,1.0,0.0,0.0,1.0,0.0
7b573c7de824c8c1,13.0,3.0,13.0,0.0,13.0,13.0,13.0,0.0,13.0,13.0,0.0
cbd5b43efdd81da3,0.0,0.0,0.0,0.0,0.0,0.0,0.0,0.0,0.0,0.0,0.0
62121f969efd95c0,1.0,0.0,0.0,0.0,0.0,2.0,0.0,2.0,0.0,2.0,0.0
770dd5de6c6bff01,1.0,1.0,1.0,0.0,1.0,1.0,1.0,1.0,0.0,1.0,0.0
e4407626abe4df39,4.0,4.0,4.0,0.0,0.0,4.0,4.0,4.0,4.0,4.0,1.0
3b4b9ecc13d8f24,16.0,16.0,0.0,0.0,16.0,16.0,14.0,0.0,0.0,16.0,2.0
5627b7ca27fb3b56,1.0,0.0,1.0,0.0,1.0,1.0,1.0,0.0,1.0,1.0,1.0
809f9e8698ec978a,48.0,48.0,0.0,0.0,40.0,49.0,47.0,0.0,0.0,49.0,0.0
d169b7284595ce07,0.0,0.0,0.0,0.0,0.0,0.0,0.0,0.0,0.0,0.0,0.0
cbdb86ec3771ea38,4.0,4.0,0.0,0.0,0.0,4.0,3.0,0.0,0.0,4.0,0.0
670bff70b4b45d74,6.0,6.0,0.0,0.0,0.0,6.0,6.0,0.0,0.0,6.0,1.0
b9160febf5a3f299,6.0,6.0,6.0,0.0,6.0,6.0,6.0,0.0,6.0,6.0,1.0
7b90b39baab59492,1.0,1.0,1.0,0.0,1.0,1.0,1.0,0.0,0.0,1.0,1.0
4928a3df1601e613,5.0,5.0,0.0,0.0,0.0,5.0,4.0,5.0,0.0,5.0,1.0
78ebaa19fc60333d,7.0,7.0,7.0,0.0,8.0,7.0,8.0,0.0,7.0,8.0,1.0
a5179762425e9b0d,1.0,0.0,0.0,0.0,0.0,1.0,1.0,1.0,0.0,1.0,0.0
75b99f7ff6dedd66,0.0,0.0,0.0,0.0,0.0,0.0,0.0,0.0,0.0,0.0,0.0
ec1eaf814997c9a5,112.0,115.0,0.0,0.0,114.0,116.0,91.0,116.0,0.0,116.0,0.0
9239f2b43bbcb3fd,1.0,0.0,1.0,0.0,1.0,1.0,1.0,1.0,0.0,1.0,1.0
b88c19d7304b6e26,62.0,50.0,62.0,0.0,62.0,62.0,42.0,62.0,62.0,62.0,1.0
32453cf47e805e23,2.0,1.0,2.0,0.0,2.0,2.0,1.0,0.0,2.0,2.0,0.0
10a38b2ac882353c,4.0,0.0,4.0,0.0,3.0,4.0,4.0,0.0,0.0,4.0,0.0
59076acd7a824c4e,6.0,0.0,6.0,0.0,6.0,6.0,4.0,6.0,6.0,6.0,1.0
7aa302d85e35aa25,13.0,13.0,0.0,0.0,0.0,13.0,12.0,13.0,0.0,13.0,0.0
f7625685681d0bd4,111.0,57.0,101.0,0.0,111.0,111.0,94.0,111.0,95.0,111.0,5.0
ea320e22f5624780,9.0,9.0,9.0,0.0,0.0,9.0,8.0,9.0,9.0,9.0,1.0
319162c9be83d912,6.0,6.0,1.0,0.0,6.0,6.0,6.0,0.0,0.0,6.0,0.0
17c3a63ae65191fa,63.0,37.0,24.0,0.0,57.0,63.0,60.0,37.0,21.0,63.0,1.0
755ba6b5a7ca35aa,2.0,0.0,2.0,0.0,2.0,2.0,2.0,2.0,2.0,2.0,0.0
5467ac6ec92bd74b,4.0,4.0,4.0,0.0,4.0,4.0,4.0,4.0,4.0,4.0,0.0
90439f92e71be0e9,2.0,2.0,0.0,0.0,2.0,2.0,2.0,0.0,0.0,2.0,0.0
28c58c3e79b2c5c,0.0,0.0,0.0,0.0,0.0,0.0,0.0,0.0,0.0,0.0,0.0
f12c3db705d4c0f1,43.0,0.0,0.0,0.0,43.0,43.0,35.0,43.0,0.0,44.0,1.0
bcbe68c691101c41,83.0,0.0,0.0,0.0,0.0,84.0,82.0,0.0,0.0,84.0,0.0
5b9acd04cfd20f7d,2.0,2.0,2.0,0.0,2.0,2.0,2.0,0.0,2.0,2.0,1.0
91ce83537314e27e,4.0,3.0,4.0,0.0,4.0,4.0,4.0,0.0,4.0,4.0,1.0
b7a9bb7eb5b992bf,1.0,0.0,0.0,0.0,1.0,1.0,1.0,0.0,0.0,1.0,0.0
e339c58e853072cf,40.0,39.0,32.0,0.0,40.0,40.0,38.0,0.0,32.0,41.0,9.0
9bedbdeba778f163,9.0,9.0,7.0,0.0,9.0,9.0,8.0,9.0,7.0,9.0,0.0
860c9672c6308db,4.0,0.0,0.0,0.0,4.0,4.0,4.0,4.0,0.0,4.0,0.0
aad4a426806bdec0,4.0,0.0,0.0,0.0,0.0,4.0,3.0,0.0,0.0,4.0,1.0
947a3b86dda9ca9d,86.0,80.0,74.0,0.0,0.0,86.0,59.0,86.0,70.0,86.0,1.0
67f8744bf886ee96,9.0,9.0,1.0,0.0,9.0,9.0,8.0,9.0,1.0,9.0,0.0
6561a8b36531d334,0.0,0.0,0.0,0.0,0.0,0.0,0.0,0.0,0.0,0.0,0.0
b7113d1a55acbce6,9.0,0.0,6.0,0.0,4.0,9.0,9.0,9.0,6.0,9.0,0.0
6e9ddcfdedccf3a6,0.0,0.0,0.0,0.0,0.0,0.0,0.0,0.0,0.0,0.0,0.0
cd42fec330e25bc5,0.0,0.0,0.0,0.0,0.0,0.0,0.0,0.0,0.0,0.0,0.0
ca439bcd76e4f84b,0.0,0.0,0.0,0.0,0.0,0.0,0.0,0.0,0.0,0.0,0.0
997c7e730ecb6b52,83.0,82.0,23.0,0.0,77.0,94.0,78.0,95.0,23.0,95.0,2.0
802423acb2b1671a,3.0,0.0,3.0,0.0,3.0,3.0,2.0,3.0,3.0,3.0,1.0
5c27a5df8f299217,67.0,67.0,67.0,0.0,67.0,67.0,47.0,67.0,67.0,67.0,1.0
7f7f67ad97431fa5,0.0,0.0,0.0,0.0,0.0,0.0,0.0,0.0,0.0,0.0,0.0
59a3e064ff6d8fcd,31.0,32.0,30.0,0.0,0.0,32.0,30.0,32.0,30.0,32.0,1.0
41572d9f5960a5f6,22.0,14.0,22.0,0.0,22.0,22.0,20.0,0.0,0.0,22.0,1.0
9eb0e9c0e12fd771,3.0,0.0,0.0,0.0,0.0,3.0,3.0,3.0,0.0,3.0,1.0
5b10517e0df5d306,33.0,33.0,14.0,0.0,31.0,33.0,31.0,0.0,14.0,33.0,3.0
5168899baf30749a,1.0,1.0,0.0,0.0,1.0,1.0,1.0,1.0,0.0,1.0,0.0
35131929b3f557b8,27.0,8.0,24.0,0.0,26.0,27.0,15.0,0.0,24.0,27.0,5.0
82a22f75fce43ecb,2.0,2.0,0.0,0.0,0.0,2.0,1.0,2.0,0.0,2.0,0.0
4de120aa06266f44,23.0,23.0,1.0,0.0,24.0,24.0,24.0,0.0,1.0,24.0,1.0
a1188ac214ef3696,3.0,2.0,0.0,0.0,0.0,3.0,3.0,3.0,0.0,3.0,1.0
382c96b2edb5848b,4.0,0.0,4.0,0.0,4.0,4.0,4.0,0.0,4.0,4.0,0.0
c1c6d27c64676528,4.0,4.0,4.0,0.0,0.0,4.0,4.0,0.0,0.0,4.0,1.0
2d88d5fefccb6eae,33.0,0.0,32.0,0.0,32.0,34.0,32.0,34.0,29.0,34.0,2.0
4ab6094ecf5f3613,2.0,2.0,0.0,0.0,2.0,2.0,2.0,2.0,0.0,2.0,1.0
91dd007f605034c3,17.0,17.0,0.0,0.0,18.0,18.0,18.0,18.0,0.0,18.0,1.0
6b68d9d11a689a59,5.0,5.0,3.0,0.0,5.0,5.0,5.0,5.0,3.0,5.0,1.0
dd384d1b2c86d721,5.0,0.0,1.0,0.0,5.0,5.0,3.0,5.0,0.0,5.0,0.0
947073e45e219647,4.0,4.0,0.0,0.0,4.0,4.0,4.0,4.0,0.0,4.0,0.0
516bcc42cf25908d,0.0,0.0,0.0,0.0,0.0,0.0,0.0,0.0,0.0,0.0,0.0
c54f392851c6cf41,2.0,0.0,1.0,0.0,4.0,4.0,3.0,0.0,1.0,4.0,0.0
edf10ca2b99b3253,18.0,0.0,0.0,0.0,0.0,19.0,18.0,20.0,0.0,21.0,1.0
a41205aa251f256a,5.0,3.0,0.0,0.0,0.0,4.0,5.0,2.0,0.0,5.0,2.0
db5d920093e42adf,9.0,5.0,9.0,0.0,9.0,9.0,9.0,9.0,9.0,9.0,1.0
1e04a6b98d331fb6,62.0,62.0,0.0,0.0,60.0,62.0,53.0,62.0,0.0,62.0,0.0
93f07d341ad542da,9.0,8.0,1.0,0.0,9.0,9.0,8.0,9.0,1.0,9.0,1.0
44227d1e573b50a0,19.0,19.0,19.0,0.0,19.0,19.0,16.0,0.0,19.0,19.0,1.0
8dce05b3ff3f1c42,20.0,20.0,0.0,0.0,20.0,20.0,18.0,0.0,0.0,20.0,4.0
816f074ed6b03ca3,8.0,0.0,0.0,0.0,0.0,8.0,7.0,0.0,0.0,8.0,0.0
afdd18a37ba08594,2.0,2.0,2.0,0.0,2.0,2.0,2.0,2.0,0.0,2.0,1.0
e0076a851fb8d9c4,0.0,0.0,0.0,0.0,0.0,0.0,0.0,0.0,0.0,0.0,0.0
62e3a22357cf5f5b,0.0,0.0,0.0,0.0,0.0,0.0,0.0,0.0,0.0,0.0,0.0
61a60fedd5da38de,42.0,42.0,42.0,0.0,42.0,42.0,42.0,42.0,41.0,42.0,0.0
